Time,MeanN,ErrorMn,CV2N,ErrorCV2
0.0,,,0.0,
0.01,1.006,0.004794691324896627,0.005893070997474401,0.0005980354458117231
0.02,1.014,0.007294479550118638,0.013425455846939686,0.0014278116496801577
0.03,1.02,0.008692003078413446,0.018838908112264508,0.0020537174370868004
0.04,1.028,0.010242453097959014,0.025753607170434074,0.002882013045596013
0.05,1.034,0.011251744388269813,0.03071955823097846,0.003494327134352107
0.06,1.042,0.012759487370888056,0.0388997977461032,0.004531216451323365
0.07,1.048,0.013840524639167073,0.0452479459238972,0.005357942352744072
0.08,1.055,0.014688886900060982,0.05029087396958739,0.006027374781120967
0.09,1.06,0.01525844600158921,0.0537557849768601,0.006493505154036724
0.0999999999999999,1.067,0.016011741665597157,0.05842041512917561,0.007128645620152834
0.1099999999999999,1.076,0.016914688855059756,0.06410911955335054,0.007914578131627634
0.1199999999999999,1.084,0.01788069204702203,0.07058727413842404,0.008824095598112543
0.1299999999999999,1.087,0.018146780276396823,0.07230301404319174,0.009067481642426206
0.1399999999999999,1.089,0.018320973743034097,0.07342731935769752,0.00922752519896438
0.15,1.097,0.018993669623679654,0.07777156394874893,0.009849988789829794
0.16,1.107,0.020360998043067013,0.08776456629366053,0.011305554278554033
0.17,1.117,0.021624293494038938,0.09722855615461863,0.012713146423431925
0.18,1.123,0.022201272455695698,0.10139406833083689,0.01334127367509242
0.19,1.128,0.02252403428321692,0.10344047080126757,0.013651726624283357
0.2,1.132,0.022944522834202674,0.10658142816117075,0.014130592841317766
0.21,1.144,0.023663056198839127,0.11099564770893443,0.014808340904490312
0.22,1.154,0.024544212078990046,0.11735535204202702,0.015794372638330036
0.23,1.165,0.025278503159672283,0.1221426071579878,0.016543898740511653
0.24,1.17,0.025830949461750574,0.12645189568266496,0.017223833423112844
0.25,1.178,0.026363858264388806,0.12994024576200347,0.017777814191048267
0.26,1.185,0.026687840982729805,0.1315850380102904,0.01804011824220093
0.2700000000000001,1.193,0.027328375232174018,0.13613289030942582,0.018769002170029324
0.2800000000000001,1.2,0.027765585348528354,0.13888888888888892,0.01921325961701706
0.2900000000000001,1.215,0.028638623194629398,0.14413453233755014,0.020064084042714467
0.3000000000000001,1.222,0.0290356874672546,0.14646644576651197,0.020444493221998726
0.3100000000000001,1.231,0.029751896824508295,0.15154078797065515,0.02127685197177684
0.3200000000000001,1.237,0.029957960064446176,0.15216031693231263,0.021378900382018336
0.3300000000000001,1.246,0.030509565048529197,0.15554364657111422,0.021937816905346193
0.3400000000000001,1.252,0.03119744925871748,0.16108156661801182,0.02285850318589481
0.3500000000000001,1.259,0.03153069212120685,0.16271660564980595,0.023131700881937913
0.3600000000000001,1.269,0.032059273146147094,0.16557715940711434,0.023611156201104794
0.3700000000000001,1.284,0.03293143568065138,0.17065051775506837,0.024466107973855695
0.3800000000000001,1.291,0.03322132271999889,0.17178992260666556,0.024658921542354308
0.3900000000000002,1.296,0.033571336980687594,0.174077884468831,0.025046980084256924
0.4000000000000002,1.305,0.03411751025427989,0.17731683328195422,0.025598336507408906
0.4100000000000002,1.318,0.03461668159375253,0.17896016634391101,0.025878967334012
0.4200000000000002,1.334,0.035035504133048345,0.17894575950405606,0.025876504493233532
0.4300000000000002,1.341,0.03516043021327664,0.17834754412686335,0.02577428041127864
0.4400000000000002,1.35,0.03563851055750278,0.18079561042524006,0.02619310963429055
0.4500000000000002,1.362,0.036252754034929335,0.18379941392225735,0.02670881546156452
0.4600000000000002,1.366,0.036310549733747255,0.18330764498198238,0.026624251460505424
0.4700000000000002,1.383,0.037370817270442114,0.18942494048954117,0.027679905994715842
0.4800000000000002,1.394,0.03780424901989865,0.1907972063094756,0.02791782386240111
0.4900000000000002,1.407,0.038340191748772234,0.19263566420107808,0.028237199105836122
0.5000000000000002,1.416,0.03872000225455108,0.1939816144785981,0.028471472654717903
0.5100000000000002,1.428,0.03940444292116885,0.19753783866487773,0.029092307454508227
0.5200000000000002,1.44,0.03996701459997465,0.19984567901234568,0.02949662684523897
0.5300000000000002,1.445,0.040282831394403695,0.20161396535003176,0.02980717307370382
0.5400000000000003,1.459,0.0408219735679356,0.20309243141644986,0.030067320519676435
0.5500000000000003,1.465,0.04112564981975897,0.20444035457605786,0.030304892811487533
0.5600000000000003,1.478,0.0417184734155136,0.2066922898039079,0.030702634545159195
0.5700000000000003,1.492,0.04247027420129412,0.21020779276786292,0.03132563117677613
0.5800000000000003,1.503,0.042834253875241535,0.21070788119923384,0.03141445894576442
0.5900000000000003,1.507,0.0431909276201905,0.21309579846141594,0.031839311285062365
0.6000000000000003,1.521,0.04388188041460794,0.2159376444007001,0.03234642864542768
0.6100000000000003,1.537,0.04436550448085419,0.21615209139639072,0.03238476196106275
0.6200000000000003,1.546,0.04502324723017903,0.22002446743170626,0.033078551045390106
0.6300000000000003,1.555,0.04549554470937678,0.2220717320954085,0.033446554851603215
0.6400000000000003,1.565,0.04636831970533928,0.22773530402474254,0.03446892053586947
0.6500000000000004,1.579,0.046698998996423935,0.22691709305277752,0.0343208304553673
0.6600000000000004,1.594,0.047085553875465536,0.22636801430710207,0.03422152489214582
0.6700000000000004,1.603,0.04733975304778193,0.22625660168531483,0.034201382192739375
0.6800000000000004,1.612,0.047423749824688555,0.22453189170550894,0.03388987681460484
0.6900000000000004,1.619,0.04752049717053186,0.22350363064306233,0.03370443816910433
0.7000000000000004,1.634,0.04801295154479002,0.22399020807833547,0.033792162502733765
0.7100000000000004,1.645,0.04829037188215368,0.22356593157860702,0.03371566770334127
0.7200000000000004,1.655,0.04864824523408129,0.22415823148748182,0.03382246605381656
0.7300000000000004,1.667,0.048969511988597114,0.22387040288403032,0.03377055866138404
0.7400000000000004,1.674,0.04918992977365089,0.22400505874510582,0.03379484064281656
0.7500000000000004,1.678,0.04929138276123157,0.22385892735122265,0.033768489487530265
0.7600000000000005,1.688,0.04930467515007875,0.22133375261112734,0.033313804199502015
0.7700000000000005,1.701,0.04988537718593267,0.22312807661295472,0.033636762066175094
0.7800000000000005,1.71,0.05020506162137339,0.22362436305187924,0.0337262004768385
0.7900000000000005,1.72,0.05049979138571903,0.2236343969713359,0.033728009244607726
0.8000000000000005,1.734,0.05131918480368047,0.22723626393362148,0.034378582399723426
0.8100000000000005,1.749,0.051870356873423784,0.2281787420141412,0.03454923427189363
0.8200000000000005,1.758,0.05199790683491079,0.22696051594466252,0.034328686378293415
0.8300000000000005,1.766,0.05213886054744976,0.22612990564186491,0.03417847930918601
0.8400000000000005,1.777,0.05272797239425797,0.228414471286168,0.03459194428180902
0.8500000000000005,1.785,0.05285589585500183,0.22747138070914635,0.03442113805664374
0.8600000000000005,1.803,0.05334284918099352,0.22707916706272194,0.034350154222933374
0.8700000000000006,1.809,0.05349899470847941,0.22689787962099706,0.03431735454417991
0.8800000000000006,1.824,0.054445473936798106,0.23114804555247773,0.03508801175676557
0.8900000000000006,1.836,0.05522155424801567,0.23468656404706642,0.035732308919600886
0.9000000000000006,1.843,0.05540438017482385,0.2344519554419665,0.035689516208620375
0.9100000000000006,1.857,0.05596508276296852,0.23562795912017254,0.03590412646631613
0.9200000000000006,1.869,0.05614689499732295,0.23412576746391017,0.035630037025873806
0.9300000000000006,1.888,0.056339376311158595,0.2310129991381787,0.035063470439222984
0.9400000000000006,1.907,0.057184670605770815,0.2332782184918038,0.03547558563325815
0.9500000000000006,1.922,0.05757313130500297,0.23278192916024648,0.0353852098144467
0.9600000000000006,1.939,0.057952270941082684,0.23174033392371401,0.035195687230459
0.9700000000000006,1.948,0.0581520340828936,0.23118957367952814,0.035095559170465154
0.9800000000000006,1.958,0.05851349258756655,0.23168770951993914,0.03518611758404174
0.9900000000000008,1.974,0.05894300913110739,0.23130586171393258,0.03511669539768103
1.0000000000000009,1.99,0.05967663401670342,0.23330218933865302,0.03547995200478739
1.010000000000001,1.999,0.06009819098128766,0.23448417555451057,0.03569539254220508
1.020000000000001,2.01,0.06019115272150266,0.2326427563674167,0.03535987457825696
1.0300000000000007,2.028,0.06042495678357929,0.2303101743247396,0.034935806804473085
1.0400000000000007,2.042,0.060838826398147194,0.23028545500416814,0.03493131844728349
1.0500000000000007,2.058,0.061230387200704506,0.2296463775014379,0.0348153206367892
1.0600000000000007,2.068,0.0613794045583953,0.2285391467662343,0.03461453768366093
1.0700000000000007,2.081,0.06203725943174332,0.2305565029565454,0.03498053988993191
1.0800000000000007,2.099,0.062432417436451004,0.2295153594091062,0.03479154960778907
1.0900000000000007,2.115,0.0628807757578036,0.22931442080378242,0.034755099180917
1.1000000000000008,2.124,0.06315141849005279,0.22933668131408247,0.03475913686777537
1.1100000000000008,2.151,0.06434787472659353,0.23216883544375483,0.03527362940249791
1.1200000000000008,2.172,0.0650691690894063,0.23283443389667252,0.03539476883430561
1.1300000000000008,2.186,0.06551160271320589,0.23299814422478912,0.035424577385966396
1.1400000000000008,2.201,0.06630683967815942,0.2354468591679342,0.0358710599762081
1.1500000000000008,2.22,0.06708707838518224,0.23691258826393957,0.03613886402364302
1.1600000000000008,2.232,0.06773255058237027,0.23890366259426263,0.03650331433121152
1.1700000000000008,2.247,0.06795456135855193,0.23727250238611183,0.03620468719917725
1.1800000000000008,2.266,0.06849843624008667,0.23705975512760483,0.03616577574733526
1.1900000000000008,2.284,0.06934017876140874,0.23910796494919354,0.03654075316237297
1.2000000000000008,2.306,0.07025197903863756,0.24077691665995943,0.03684689033601727
1.2100000000000009,2.322,0.07090604250527344,0.24191254531979242,0.03705550288806277
1.2200000000000009,2.341,0.07162011510743449,0.2428194831615386,0.03722228136138832
1.2300000000000009,2.355,0.07221654745117867,0.2439540030923048,0.03743112980826632
1.2400000000000009,2.367,0.0720919668972253,0.24065426440767992,0.0368243740591265
1.2500000000000009,2.381,0.07250590679419222,0.24057157664070575,0.036809196006053
1.260000000000001,2.398,0.07329262583860974,0.24234749419345147,0.037135466963157227
1.270000000000001,2.42,0.07334530454071686,0.23830339457687325,0.036393360130502234
1.280000000000001,2.441,0.07394510234870744,0.2380672188096262,0.03635011748771439
1.290000000000001,2.448,0.07427737797859901,0.2388397624845145,0.036491606140742004
1.300000000000001,2.469,0.07499378720539074,0.23934519922289535,0.036584236840588584
1.310000000000001,2.487,0.07480831427072365,0.23472778189245921,0.035739828168629265
1.320000000000001,2.5,0.0752237298752112,0.23488,0.0357675997037828
1.330000000000001,2.521,0.07602800850643154,0.23594885075638336,0.03596273259263595
1.340000000000001,2.536,0.07646140109288169,0.23583178258316834,0.0359413495218142
1.350000000000001,2.554,0.07682301452595652,0.2347238566309915,0.035739112080734825
1.360000000000001,2.577,0.07754682437963556,0.23491758457288134,0.03577445753401087
1.370000000000001,2.6,0.07779320457796635,0.23224852071005916,0.03528812765933759
1.380000000000001,2.622,0.07836380864604209,0.23172987355132102,0.03519378498910451
1.390000000000001,2.647,0.07878753320272391,0.2298388564282665,0.034850248768609315
1.400000000000001,2.66,0.07932409552078257,0.2307083498219233,0.035008121042428474
1.410000000000001,2.678,0.07966149183655791,0.22955779981382338,0.03479924933889634
1.420000000000001,2.698,0.08010734675330733,0.22870577607111983,0.034644738602536015
1.430000000000001,2.715,0.08032308388179299,0.22706877079454232,0.03434827308971812
1.440000000000001,2.735,0.08077769456110673,0.22630001102908007,0.03420923003852018
1.450000000000001,2.749,0.08109259941633562,0.22575079717469929,0.0341099665892962
1.460000000000001,2.777,0.08136005879389963,0.22268300662536247,0.03355659506727113
1.470000000000001,2.8,0.08189671085455075,0.2219387755102041,0.0334226301204506
1.480000000000001,2.822,0.08195119640313031,0.21878266390278664,0.032855738448136024
1.490000000000001,2.839,0.08248479697171707,0.21899457823469978,0.032893739750101014
1.500000000000001,2.862,0.08313361229416216,0.21889224377258873,0.032875387617025194
1.5100000000000011,2.887,0.08371752197074889,0.21815013709438136,0.03274236463203336
1.5200000000000011,2.904,0.08428087818517938,0.21851497696726846,0.03280774860572379
1.5300000000000011,2.927,0.08543662812039754,0.22103400021173458,0.03325991442913126
1.5400000000000011,2.94,0.08603748055949234,0.2221759452080152,0.03346530981882564
1.5500000000000012,2.96,0.08590296985048118,0.21849890430971514,0.03280486761959509
1.5600000000000012,2.982,0.08646820268525346,0.2181292539498111,0.03273862291056957
1.5700000000000012,3.003,0.08689765486546985,0.2172309874607576,0.03257775931884693
1.5800000000000012,3.038,0.0880338961028091,0.21784150811251468,0.0326870751526477
1.5900000000000012,3.054,0.08826408385483919,0.21669370668718363,0.032481619131719375
1.6000000000000012,3.071,0.08828318813653935,0.21439404197267298,0.03207077615184238
1.6100000000000012,3.1,0.0890232388862211,0.21394380853277833,0.03199046511026819
1.6200000000000012,3.123,0.08966760269389029,0.21386685237117234,0.0319767420389041
1.6300000000000012,3.147,0.09008618939267388,0.21258825949207003,0.031748914428724115
1.6400000000000012,3.165,0.09035074634068341,0.21141334052095262,0.031539852056451365
1.6500000000000012,3.186,0.09106527882479032,0.21194853977047262,0.03163504944608758
1.6600000000000013,3.202,0.09202932478530723,0.2143019607124061,0.03205434769582501
1.6700000000000013,3.226,0.09260819640232487,0.21378954088545138,0.031962956809491835
1.6800000000000013,3.244,0.09309681108761358,0.21366050346575519,0.03193995113997479
1.6900000000000013,3.263,0.09320785417715882,0.21168359401452155,0.03158791553385367
1.7000000000000013,3.287,0.0934721533667342,0.20978837357369043,0.03125117149373016
1.7100000000000013,3.312,0.09400723602918815,0.20900575275969102,0.031112328413559015
1.7200000000000013,3.33,0.09409830200382219,0.20715309904499088,0.030784152287162695
1.730000000000001,3.36,0.09449277732145989,0.20517998866213152,0.03043541334542636
1.740000000000001,3.381,0.09476648909146812,0.20381473062972347,0.03019457945087286
1.750000000000001,3.411,0.09481203428519214,0.20043788866293116,0.029600558008886578
1.7600000000000011,3.442,0.09530991662252886,0.1989164847133928,0.029333703538584152
1.7700000000000014,3.469,0.09564103640356736,0.19719517123248115,0.02903236951782827
1.7800000000000014,3.49,0.09581943329729592,0.19555668672670998,0.028746114524364572
1.7900000000000014,3.516,0.09609748911843674,0.1937950484118756,0.02843897635215929
1.8000000000000014,3.538,0.0963940990026515,0.19257573670790937,0.028226777195516986
1.8100000000000012,3.568,0.09732572375310955,0.19302871563876206,0.028305573097065134
1.8200000000000012,3.592,0.09728927982544144,0.19031527621390767,0.027834222829060666
1.8300000000000012,3.62,0.09792241368852128,0.18982937028784225,0.027749982450660408
1.8400000000000012,3.636,0.09795988125030153,0.18830639939681534,0.027486276795163557
1.8500000000000012,3.662,0.09863147275372874,0.18819612827328122,0.027467202474701077
1.8600000000000012,3.691,0.09932784533837413,0.18787555104308515,0.02741176499847587
1.8700000000000012,3.712,0.09966754565828806,0.18702855603448276,0.027265400612390134
1.8800000000000012,3.74,0.10027182780498567,0.18647945323000367,0.02717059604967309
1.8900000000000012,3.761,0.10083685012969612,0.1864868458884162,0.027171871985676888
1.9000000000000012,3.782,0.10126783108976012,0.186001435730104,0.027088117717230374
1.9100000000000013,3.814,0.10257127349508677,0.1876318005944483,0.027369628011705983
1.9200000000000013,3.848,0.10293687756555014,0.18564710560552564,0.027027012648048507
1.9300000000000013,3.871,0.10371029671752652,0.18621460467421277,0.027124892308702436
1.9400000000000013,3.891,0.10391006475360243,0.1850159192136318,0.026918230503895916
1.9500000000000013,3.923,0.10472211149029942,0.1848657651377079,0.026892364855615705
1.9600000000000013,3.949,0.10544342494325676,0.18496138503319193,0.02690883584074841
1.9700000000000013,3.975,0.10591715610468233,0.1841936632253471,0.02677664815930858
1.980000000000001,4.006,0.10638176679152345,0.18294849288722925,0.026562525427864747
1.990000000000001,4.029,0.10674701276006449,0.18210977363728262,0.026418487859728182
2.0000000000000013,4.052,0.10673143014146902,0.1799956927172815,0.026056109876588678
2.010000000000001,4.076,0.1071446561195728,0.17926231821110386,0.025930630574608676
2.020000000000001,4.107,0.10749174822350582,0.1777121721251388,0.025665793624598914
2.0300000000000007,4.124,0.10747512589486963,0.17619555185938152,0.025407199724176294
2.0400000000000005,4.151,0.10778983236080109,0.17493086943549524,0.02519195419178087
2.0500000000000003,4.175,0.1083991886077964,0.1748861558320485,0.025184350587532253
2.06,4.208,0.10904376463941112,0.1742073761367086,0.025068978129509974
2.07,4.233,0.10918462964153353,0.1726007991053164,0.02479631879828452
2.08,4.272,0.10924295368898118,0.16964486105850832,0.024296171535145475
2.0899999999999994,4.304,0.109833580661169,0.16894373350285372,0.024177830257759752
2.099999999999999,4.319,0.11007293278368646,0.16850430323407706,0.024103717038374453
2.109999999999999,4.346,0.11016123267095868,0.16668420893240876,0.02379721300006348
2.1199999999999988,4.38,0.11095122346594799,0.16646858906194617,0.023760952727960596
2.1299999999999986,4.416,0.11076596480485357,0.16321905849611426,0.023215779921896548
2.1399999999999983,4.44,0.11148496247912387,0.16356221085950814,0.02327323561946281
2.149999999999998,4.466,0.11187229491167106,0.1627885988958923,0.02314374444236477
2.159999999999998,4.484,0.11192224453112676,0.16162850010464405,0.022949820878163676
2.1699999999999977,4.513,0.11199260122455623,0.15975862919387568,0.022637909591481594
2.179999999999997,4.549,0.11181637655723264,0.15674557314189191,0.022137025968240326
2.1899999999999973,4.583,0.11263233841960041,0.15669055383029304,0.022127899533355262
2.199999999999997,4.625,0.11374362749023881,0.15690869247626005,0.02216408790088546
2.209999999999997,4.656,0.11457575694271238,0.157099880728853,0.022195814528552835
2.2199999999999966,4.691,0.11484214981778695,0.15548485397797032,0.021928081302025573
2.2299999999999964,4.721,0.11507083316783451,0.1541270417354467,0.02170346613358959
2.239999999999996,4.762,0.11594178375153508,0.15378624808856198,0.021647159366091656
2.249999999999996,4.784,0.11657155413082432,0.15403491012404782,0.021688241194634566
2.259999999999996,4.811,0.11719706886102355,0.15394979486705124,0.021674177518002317
2.269999999999996,4.842,0.11752152588099918,0.15282753259932497,0.021488906503841148
2.279999999999996,4.878,0.11798113111279651,0.15176018508852576,0.021312980400569184
2.289999999999995,4.919,0.11852423980919102,0.1506180568387384,0.021125031089554797
2.299999999999995,4.953,0.1189843777027697,0.14971301605982568,0.020976319944720264
2.3099999999999947,4.979,0.11920718435661115,0.14870889146344754,0.020811559335438972
2.3199999999999945,5.024,0.11925349614145375,0.14617035680960686,0.020396117921620615
2.3299999999999943,5.058,0.11959582324218854,0.14504097271961575,0.020211794909121256
2.339999999999994,5.103,0.12033091842227961,0.14425127307890537,0.020083096443772822
2.349999999999994,5.139,0.12070334193054144,0.1431191282805037,0.019898856872520323
2.3599999999999937,5.178,0.12131870600477068,0.14241239006098982,0.01978400620054725
2.369999999999993,5.213,0.12178352580977325,0.14158523477638887,0.019649743828899773
2.379999999999993,5.237,0.12164417922182214,0.13996963994497372,0.01938799365980308
2.389999999999993,5.274,0.12240378864677481,0.13974162788553948,0.019351104736784988
2.399999999999993,5.309,0.12275904461730036,0.1387068398797239,0.01918385501367001
2.4099999999999926,5.341,0.1239340625564136,0.13968589175714843,0.019342089444707125
2.4199999999999924,5.377,0.1239053206666858,0.13775779016481285,0.019030698997637693
2.429999999999992,5.42,0.12496981215158698,0.13792023529091382,0.019056898056025215
2.439999999999992,5.462,0.1262427001966735,0.13858795518211042,0.019164657212506767
2.449999999999992,5.498,0.12666092782491578,0.1376867622486751,0.0190192457418491
2.4599999999999915,5.526,0.12713673252469526,0.13732090552357437,0.0189602714481314
2.4699999999999918,5.564,0.12765986903302462,0.13656860551113992,0.01883911047752529
2.479999999999991,5.596,0.12833564720717305,0.13644434066812758,0.018819110875859427
2.489999999999991,5.627,0.1286818961103986,0.13567424116548935,0.018695255625980695
2.4999999999999907,5.658,0.12932677937627624,0.1355399643719338,0.01867367524948917
2.5099999999999905,5.699,0.12955552739038367,0.1340697833628979,0.018437693951180542
2.5199999999999902,5.733,0.13061208469632035,0.13465397161293105,0.01853139716613482
2.52999999999999,5.767,0.13106872421302285,0.13400301500777745,0.018426989913686437
2.53999999999999,5.804,0.13178542492062206,0.1337507676684869,0.018386560891428726
2.5499999999999896,5.852,0.13223090015559524,0.13245659977321667,0.018179393634715234
2.5599999999999894,5.89,0.13292583684868475,0.13213094623848082,0.018127331417869097
2.569999999999989,5.937,0.13352087194212015,0.1312141133578505,0.01798090385853232
2.579999999999989,5.969,0.13396771207796299,0.13068130165232714,0.017895907935178278
2.5899999999999888,6.011,0.13481155298228487,0.13048995933562826,0.01786540225624745
2.5999999999999885,6.055,0.13559693945102858,0.13010314888092295,0.017803762040634493
2.6099999999999883,6.087,0.13578806282638833,0.12910198215897417,0.017644401097287453
2.619999999999988,6.125,0.13618411077854642,0.12824989587671803,0.017508975290976992
2.629999999999988,6.159,0.13638696039329012,0.12721596637000634,0.017344902716542966
2.639999999999988,6.201,0.13656884971001482,0.12583346876050733,0.01712595409182385
2.6499999999999875,6.244,0.13710217577978412,0.1250775119515119,0.017006444523167415
2.6599999999999877,6.292,0.1382538803595006,0.12525456396461426,0.01703442124069105
2.669999999999987,6.329,0.13925429283816282,0.12559238896131067,0.017087825308259225
2.679999999999987,6.385,0.14013749184851942,0.12496926221340272,0.016989343614496583
2.689999999999986,6.432,0.14025573203477926,0.12335748186926064,0.01673508729292167
2.6999999999999864,6.476,0.14058579842514796,0.12226032662625455,0.016562407384877617
2.709999999999986,6.527,0.1419208636765541,0.1226539655233242,0.016624324809144764
2.719999999999986,6.583,0.1418643586314765,0.1204800713791749,0.016282900080861865
2.7299999999999858,6.637,0.1428407952556512,0.12016478451907434,0.01623348748437576
2.7399999999999856,6.688,0.1431565146949776,0.11886282079164857,0.016029724342141827
2.7499999999999853,6.733,0.14381542684471338,0.11836138780929839,0.015951370203379923
2.759999999999985,6.768,0.14411617347046946,0.1176308060739176,0.01583733140970892
2.769999999999985,6.822,0.14409129684989264,0.11573598136162676,0.015542240833193964
2.7799999999999847,6.88,0.14501505650111834,0.11525655759870203,0.015467733712217595
2.7899999999999845,6.922,0.14602581009923998,0.11545490465809595,0.01549855111443166
2.7999999999999843,6.973,0.14661006006548138,0.1146844513807524,0.015378905607035188
2.809999999999984,7.031,0.14747210443692005,0.11413054417095626,0.015292989187155371
2.819999999999984,7.082,0.14824425390782814,0.1136737588267857,0.015222201133155068
2.829999999999984,7.136,0.14816919329741918,0.11184652064187897,0.014939613211493404
2.8399999999999834,7.183,0.1485070955535326,0.11089169055069913,0.01479231633872381
2.849999999999983,7.237,0.14914579513986048,0.11018467901610046,0.014683413924710885
2.859999999999983,7.291,0.14931999053708545,0.10881231232957037,0.014472427434712332
2.869999999999983,7.344,0.1498269679718236,0.10797692957599403,0.014344257314614636
2.8799999999999826,7.384,0.1503006300884815,0.10748665675191243,0.014269128641293712
2.8899999999999824,7.439,0.15121769707432353,0.10719942370912404,0.014225145284031643
2.899999999999982,7.498,0.1525591450634467,0.10739942316617407,0.014255768269421596
2.909999999999982,7.55,0.15320842682912073,0.10682864786632167,0.014168404010134437
2.9199999999999817,7.609,0.15379376271689083,0.10598358484976071,0.014039227646523166
2.929999999999981,7.667,0.15484275979200213,0.1058149932032092,0.014013481212119684
2.9399999999999813,7.722,0.15549615276951467,0.10519522588934657,0.013918903791265322
2.949999999999981,7.776,0.15580704667412348,0.10415449457230436,0.013760335649488364
2.959999999999981,7.827,0.15653821121162004,0.10376870437755885,0.01370163535610196
2.9699999999999807,7.891,0.15793614341861328,0.10392386726633591,0.01372523913703556
2.9799999999999804,7.934,0.1583325535699922,0.10331713825854325,0.01363298168913482
2.98999999999998,7.992,0.15877370709860816,0.10239117996875755,0.013492389485606745
2.99999999999998,8.063,0.16009251034704164,0.10227395204719916,0.013474608095208071
3.00999999999998,8.126,0.1605624528272802,0.10128629391053498,0.013324957519092488
3.01999999999998,8.181,0.16121071623309824,0.10073754390881376,0.013241934214975326
3.02999999999998,8.234,0.16186698065776817,0.10025617579178002,0.013169178433302904
3.039999999999979,8.301,0.16292507399412237,0.09993816122202863,0.013121150006631985
3.049999999999979,8.348,0.16297826249531866,0.09888053661875174,0.01296163654392481
3.0599999999999787,8.404,0.16304787689006162,0.09765051478172379,0.012776539775336033
3.0699999999999785,8.458,0.1634192346486092,0.09684725399021417,0.01265590700649863
3.0799999999999783,8.516,0.16519641293178644,0.09762167354529071,0.012772205089141642
3.089999999999978,8.568,0.1659603642118288,0.09733435858003334,0.012729036744786083
3.099999999999978,8.616,0.16634510255497048,0.0966996686866179,0.012633763854492618
3.1099999999999777,8.672,0.16601888407079635,0.0950807876390572,0.012391303540303579
3.119999999999977,8.735,0.1669260779446642,0.09474120161506733,0.012340544146648851
3.129999999999977,8.809,0.1671077584341134,0.09335903108721937,0.012134306893621698
3.139999999999977,8.871,0.16775054679797385,0.09276818481197467,0.012046323127675677
3.149999999999977,8.932,0.16861022916338975,0.09244570461118479,0.011998347280437196
3.1599999999999766,8.989,0.16951656177206154,0.0922609321109281,0.011970872801131616
3.1699999999999764,9.055,0.16946079654919544,0.09086108239084971,0.011763066007502945
3.179999999999976,9.116,0.1699215713275617,0.09013733766590083,0.011655864410820546
3.189999999999976,9.178,0.1707336976918299,0.08977568223937019,0.01160235676922012
3.199999999999976,9.247,0.17178788898797492,0.08953641449439544,0.011566979036163123
3.2099999999999755,9.315,0.17256903229261056,0.08903819297683022,0.011493370204668087
3.2199999999999758,9.372,0.17294656901170313,0.08834371742164208,0.011390895870863102
3.229999999999975,9.438,0.17335329310152936,0.08752267337483773,0.011269941112982927
3.239999999999975,9.496,0.173817709266185,0.08692064907034859,0.01118138715068907
3.2499999999999747,9.553,0.17434036245584217,0.08640376400524791,0.01110544823552699
3.2599999999999745,9.613,0.1755306729345154,0.086497684027324,0.011119240326693558
3.2699999999999743,9.681,0.17640697001493777,0.08614049622904546,0.011066802488304434
3.279999999999974,9.755,0.17660063686443728,0.08502493562816948,0.010903291682611132
3.289999999999974,9.816,0.17726694371040885,0.08460630781605666,0.01084203497619652
3.2999999999999736,9.884,0.17792242553093907,0.08406442290259442,0.010762825976022928
3.3099999999999734,9.942,0.1782264683365895,0.08337065500927306,0.010661553901287698
3.319999999999973,10.019,0.17908952138957623,0.08289110456576261,0.010591642978582748
3.329999999999973,10.095,0.18088138788850472,0.08328972826498926,0.010649750829141113
3.3399999999999728,10.165,0.18255502858930406,0.08367373652007014,0.010705776806800224
3.349999999999973,10.238,0.18370828402935047,0.0835302072827289,0.010684830621323017
3.3599999999999723,10.305,0.185260913746923,0.08384707941034733,0.01073108276690645
3.369999999999972,10.379,0.18713838713370912,0.0843395090962438,0.010803024375730264
3.379999999999972,10.451,0.18827031445143483,0.08419074040736013,0.01078128175320084
3.389999999999972,10.516,0.18941486149429743,0.0841672766279383,0.010777853159759819
3.3999999999999715,10.576,0.19031302683354134,0.08400603312727013,0.01075429660185536
3.4099999999999717,10.654,0.19132366117586308,0.08366201289787206,0.010704065650312289
3.419999999999971,10.737,0.19182212882476612,0.08280333619212012,0.010578855799228612
3.429999999999971,10.814,0.1915966626167851,0.08143657081120381,0.010380052059386299
3.43999999999997,10.883,0.193278301776175,0.0818248602459603,0.010436468990910422
3.4499999999999704,10.973,0.19600095249854732,0.08277171120560878,0.01057424889384528
3.45999999999997,11.053,0.19731342222002013,0.0826740563542696,0.01056002527237153
3.46999999999997,11.146,0.19794237494419598,0.0818193084373599,0.010435661987685682
3.47999999999997,11.238,0.19882326723526766,0.08120311425264011,0.01034615548549649
3.4899999999999696,11.311,0.1991615101861708,0.08043131054905574,0.010234221249355697
3.4999999999999694,11.401,0.20029939123495843,0.08007366297638101,0.0101824182983634
3.509999999999969,11.482,0.20000547740904473,0.07871636348112986,0.009986207183982854
3.519999999999969,11.55,0.20071560935119948,0.07834560821573808,0.009932717261417772
3.5299999999999687,11.637,0.2015753864384564,0.07784115331048895,0.009860011799604725
3.5399999999999685,11.718,0.2028263751765671,0.07772454699432221,0.009843217819524606
3.5499999999999683,11.793,0.20363885835835838,0.07735511544578419,0.009790041312399328
3.559999999999968,11.875,0.2053280993694635,0.0775614404432133,0.009819734384394034
3.569999999999968,11.972,0.2061135734240338,0.07689464525143813,0.009723824756104827
3.579999999999968,12.064,0.20626955994376495,0.07584098336722274,0.009572575073207568
3.5899999999999674,12.141,0.2069897757925645,0.07540587754266793,0.009510226778069038
3.5999999999999672,12.231,0.20770104533212397,0.07481174083010729,0.009425194265875195
3.609999999999967,12.304,0.20803432221219076,0.07416408927879924,0.009332640085946241
3.619999999999967,12.379,0.20891973873923142,0.073893144920641,0.009293962788361584
3.629999999999967,12.467,0.20941318211560933,0.07319820676952116,0.009194875828299729
3.6399999999999664,12.56,0.20948209525547945,0.07216570651953426,0.009047966096228734
3.649999999999966,12.654,0.2098303537698829,0.07133411767685931,0.008929912511666312
3.659999999999966,12.752,0.21129679772865728,0.07122714728538167,0.008914744363128708
3.6699999999999657,12.836,0.21168508491136073,0.07055656511402905,0.008819748764514749
3.6799999999999655,12.921,0.2124453693778463,0.07013238594383409,0.008759740559288017
3.689999999999965,12.999,0.21288255621000118,0.06957874543078375,0.0086815130903909
3.699999999999965,13.087,0.214042149329142,0.06939604664971159,0.008655722189806432
3.709999999999965,13.192,0.21465092592194956,0.06868479012768824,0.008555429650469671
3.7199999999999647,13.297,0.2168276319547573,0.06898239116950537,0.008597371759424967
3.729999999999965,13.375,0.2168239342172118,0.06817783212507643,0.008484054749229718
3.739999999999964,13.476,0.21839202908427957,0.06813462822245427,0.008477976294340526
3.749999999999964,13.546,0.21913612469837318,0.06789255302333508,0.008443930548915433
3.759999999999964,13.636,0.2202206883505209,0.06766414132830968,0.008411825716914125
3.769999999999964,13.728,0.22081947509374977,0.06712379985981384,0.008335951653056279
3.7799999999999634,13.827,0.22225541154906914,0.06702936281466614,0.008322701717475386
3.789999999999963,13.919,0.22351243606102678,0.06689653795869785,0.008304071248004316
3.799999999999963,14.042,0.22483469690907043,0.06650971049656491,0.008249849823889412
3.8099999999999623,14.14,0.2270539124164177,0.06689220144483632,0.00830346310108115
3.8199999999999625,14.24,0.22724057998930292,0.06606449627572276,0.008187511450779216
3.8299999999999614,14.328,0.228593711750543,0.06603493302482387,0.008183374586835086
3.839999999999962,14.421,0.229362549929105,0.06562519262533878,0.008126071274558715
3.849999999999962,14.513,0.23082063159267818,0.06562226072553821,0.008125661460734162
3.8599999999999617,14.624,0.23210953243931343,0.06535366161676617,0.00808813063653826
3.8699999999999615,14.728,0.232204106537079,0.06448646482838101,0.007967139159844169
3.879999999999961,14.827,0.23216305887148536,0.06360569284936404,0.007844536835679431
3.889999999999961,14.917,0.2324537640968991,0.06299796416801424,0.007760109189104919
3.899999999999961,15.016,0.2334105307686123,0.06268284527759273,0.007716385918164985
3.9099999999999606,15.11,0.23441702820499088,0.06244040504204553,0.00768277214298495
3.91999999999996,15.211,0.23471757910218827,0.06177205224770622,0.0075902204873798396
3.92999999999996,15.312,0.23437390935721858,0.06078144432106166,0.007453352916347767
3.93999999999996,15.431,0.23650704575210568,0.06094195083541741,0.007475504174434165
3.94999999999996,15.548,0.2382159070601393,0.06089880651428319,0.007469548934285265
3.95999999999996,15.647,0.2390292057787473,0.06054190750232136,0.007420312964146425
3.9699999999999593,15.768,0.23920479618557522,0.059703923532520374,0.007304899276760989
3.979999999999959,15.87,0.24011292287786468,0.059387294928191385,0.007261360493477453
3.989999999999959,15.977,0.24181952740849866,0.059430391913167055,0.007267284391820083
3.999999999999959,16.087,0.24240032646818221,0.05890234778088927,0.007194751195565945
4.009999999999959,16.197,0.243390268888664,0.05858056890745574,0.007150603599812715
4.019999999999959,16.304,0.24471220344932476,0.05844390823615294,0.007131866036593043
4.029999999999959,16.404,0.24528803897889517,0.05800555005853481,0.0070718114259997866
4.039999999999958,16.518,0.24476017849248421,0.05696169805606805,0.006929105358027484
4.049999999999958,16.616,0.2448299979806592,0.05632388711079854,0.006842119222290545
4.059999999999958,16.717,0.24657427348288152,0.056441060827550425,0.006858087666788025
4.069999999999958,16.827,0.246247018789159,0.05555778230678848,0.006737847816071112
4.079999999999957,16.944,0.24730755590676168,0.05526615029590337,0.006698216005901055
4.089999999999957,17.064,0.24831115516586877,0.05493474389128575,0.006653220015091778
4.099999999999957,17.202,0.2495135754319726,0.05458166766812385,0.006605330012275665
4.109999999999957,17.308,0.24969842685547405,0.053995077372776444,0.006525877260878232
4.119999999999957,17.412,0.2511232268842356,0.05396258902170603,0.006521480799453859
4.129999999999956,17.549,0.2519763126006431,0.05348487842062219,0.006456884045177943
4.139999999999956,17.674,0.25304583251354273,0.053179592542281454,0.006415651072007594
4.149999999999956,17.806,0.25365928213472344,0.052648391643109874,0.006343995285926
4.159999999999956,17.931,0.254659305514064,0.0523270688576157,0.0063007065090592545
4.169999999999956,18.051,0.25505375871926006,0.05179373759955472,0.006228948965199889
4.179999999999955,18.18,0.25477553451850454,0.050949979486397484,0.006115663447450859
4.189999999999955,18.309,0.2555453656508533,0.050538587284549845,0.006060535376629966
4.199999999999955,18.421,0.2569161405069238,0.05046295773893841,0.006050408382613583
4.209999999999955,18.539,0.25834291152663624,0.05037752405718448,0.006038971450074953
4.2199999999999545,18.67,0.2593898669522048,0.05007646981701464,0.005998693809981096
4.229999999999954,18.793,0.2619116863434563,0.050388781287303466,0.006040478271963274
4.239999999999954,18.928,0.26228424792657634,0.04981398567620038,0.005963607279679534
4.249999999999954,19.049,0.2625617384968244,0.04928727907921726,0.005893288916723277
4.259999999999954,19.198,0.2632522780894213,0.048780767599361334,0.005825776807473015
4.269999999999953,19.331,0.2635496651446765,0.048220601595031415,0.005751239548541149
4.279999999999953,19.447,0.26394245686232054,0.047789183438133716,0.005693924784232676
4.289999999999953,19.58,0.26514026065483876,0.047571003327278365,0.005664969377892313
4.299999999999953,19.713,0.26581564797476886,0.04717066199871776,0.005611891809971137
4.3099999999999525,19.864,0.2661118361774548,0.04655982063452338,0.005531038906850161
4.319999999999952,19.997,0.26750949856400297,0.046426404376718924,0.005513400963041459
4.329999999999952,20.125,0.26887765497799165,0.04630778133559662,0.0054977251975747285
4.339999999999952,20.27,0.26994875276271557,0.04601203924619998,0.005458670165830652
4.349999999999952,20.382,0.27026967152459136,0.0456160169724988,0.005406432030105742
4.359999999999952,20.507,0.2718472793614062,0.04558920800340707,0.0054028982131774355
4.369999999999951,20.666,0.2717515017290033,0.04485877231948495,0.005306737335179518
4.379999999999951,20.821,0.27386045013509275,0.04488195804481451,0.0053097860988862815
4.389999999999951,20.985,0.2757667467392295,0.04480042900266476,0.005299066638600608
4.399999999999951,21.148,0.27678052415264176,0.04443741423133045,0.0052513730053707665
4.40999999999995,21.295,0.27812729466341324,0.04425356499593336,0.005227240772143709
4.41999999999995,21.448,0.27888381987578015,0.04386209419038836,0.005175905967316137
4.42999999999995,21.597,0.2801614360630751,0.04365622525267216,0.0051489371268426416
4.43999999999995,21.738,0.2797123038135325,0.0429536723617789,0.005057045597361424
4.4499999999999496,21.902,0.281066701877009,0.042723573828815704,0.005026997764069679
4.459999999999949,22.047,0.282614864826499,0.04262921408540797,0.0050146825404066555
4.469999999999949,22.204,0.2847318742982168,0.04266051215500583,0.005018766915859233
4.479999999999949,22.344,0.28540309873303826,0.04232645062095164,0.004975195030406446
4.489999999999949,22.521,0.2856723815410085,0.041742407933039766,0.004899139772175858
4.4999999999999485,22.674,0.28688530904781473,0.04153140872056795,0.004871701305191549
4.509999999999948,22.852,0.28657861241759974,0.04079955711022201,0.004776689343752116
4.519999999999948,23.016,0.28712719242800233,0.04037432544545337,0.004721597661717949
4.529999999999948,23.157,0.2874532780338157,0.03997479711989771,0.0046699126076251915
4.539999999999948,23.321,0.2891620022204009,0.039884526172174604,0.004658245005232595
4.549999999999947,23.494,0.2897346747027285,0.03945511801339163,0.004602795869892685
4.559999999999947,23.66,0.29093246175756704,0.03922574596870714,0.004573212739012474
4.569999999999947,23.849,0.2934114289762313,0.03926720902672339,0.004578558578481184
4.579999999999947,24.026,0.2945202580729216,0.03898376026764589,0.00454202966792229
4.589999999999947,24.19,0.29638965795172467,0.03894670157245221,0.0045372566069084245
4.599999999999946,24.341,0.29771854590222446,0.03881068196643009,0.004519743218546575
4.609999999999946,24.495,0.2984508226306879,0.03851296912055028,0.004481441432423324
4.619999999999946,24.695,0.3004460542427587,0.0384000046569361,0.004466919195838009
4.629999999999946,24.85,0.30119901712527763,0.03811278131566056,0.004430022386536239
4.6399999999999455,25.045,0.3029057070934833,0.037948024161420596,0.00440887543132061
4.649999999999945,25.225,0.3042604924689414,0.03774375516289961,0.00438267511694748
4.659999999999945,25.396,0.30358073836468336,0.03707098429982326,0.0042965251246353375
4.669999999999945,25.567,0.30575892606439226,0.037103516687110705,0.004300685941727333
4.679999999999945,25.748,0.30668403109688214,0.03680540945982124,0.004262577941387566
4.689999999999944,25.914,0.30742537076721277,0.036511260830099264,0.004225018391627556
4.699999999999944,26.087,0.3091559907952117,0.03643538687916475,0.004215336976736973
4.709999999999944,26.265,0.3101229137468202,0.03616839437864936,0.004181291508167003
4.719999999999944,26.416,0.31135203792042176,0.03604007134049771,0.0041649408843563605
4.729999999999944,26.599,0.31337125153432766,0.03600841569860754,0.00416090864123807
4.739999999999943,26.782,0.3153471145705744,0.0359673167935952,0.004155674266917158
4.749999999999943,26.971,0.31723417017818534,0.035890718355075325,0.004145920877209841
4.759999999999943,27.135,0.31739583140129213,0.03549434070222426,0.004095495826069207
4.769999999999943,27.321,0.31869981229035105,0.03530097992551256,0.004070925741175522
4.779999999999943,27.52,0.31972406088518923,0.03501628836533261,0.004034784226363027
4.789999999999942,27.728,0.3216737191017991,0.034914867500263874,0.00402191864091496
4.799999999999942,27.908,0.3216468759052944,0.034460182640276574,0.003964303610734082
4.809999999999942,28.089,0.32116441290696685,0.03391552978905599,0.0038954253598582405
4.819999999999942,28.299,0.32256870581904806,0.03370688456087511,0.0038690793226997186
4.8299999999999415,28.503,0.32283383511130026,0.03328076293014722,0.003815341002590514
4.839999999999941,28.713,0.32336258327532974,0.032903243985831485,0.003767809634443465
4.849999999999941,28.913,0.3255651398314079,0.03289317597804547,0.0037665430289168063
4.859999999999941,29.127,0.3271445320247004,0.03272684566414293,0.0037456254085901503
4.869999999999941,29.321,0.32752776302785236,0.03237091762652345,0.003700912106567037
4.87999999999994,29.507,0.32746886620018145,0.031952603285453074,0.0036484456542810024
4.88999999999994,29.712,0.328966861435795,0.03180217758766333,0.0036296010577027845
4.89999999999994,29.953,0.32949217277814213,0.031392498332520995,0.003578338619695312
4.90999999999994,30.171,0.3306423027796441,0.03115686500792115,0.003548894285552385
4.91999999999994,30.378,0.3331819106477987,0.03120763095424062,0.0035552354312935576
4.929999999999939,30.606,0.33524437263936235,0.031126205024746386,0.0035450652248293735
4.939999999999939,30.84,0.3377509704294539,0.03111578777372355,0.0035437643495565044
4.949999999999939,31.035,0.3397614618501237,0.031092887975344152,0.0035409048929776472
4.959999999999939,31.257,0.3392231399879826,0.030555731323202828,0.0034739110123732635
4.9699999999999385,31.495,0.34015944289652467,0.03026203757650356,0.003437346802288054
4.979999999999938,31.728,0.34045417583221393,0.02987089707801232,0.0033887226465198995
4.989999999999938,31.967,0.3413468529385213,0.02958042249925618,0.0033526661260171696
4.999999999999938,32.193,0.3432939880646231,0.02950025873917571,0.0033427234818463815
